kernel,mse,r2
linear,168737748.30581266,-0.017886286045516897
poly,180179354.34386912,-0.0869061348547242
rbf,182645425.96363863,-0.10178235850575978
sigmoid,181877946.30221322,-0.09715264743027507
