kernel,mse,r2
linear,1.2475705469134568,-0.06670171531589175
poly,1.2299152570688086,-0.05160603354600801
rbf,0.6160078323908369,0.47329903460368206
sigmoid,22.237098848913547,-18.01323459781116
